Business_Name,Website_URL,Phone_Number
Rockstar Roofing,https://www.rockstarroofing.co.za/,012 653 0026
UNIVERSAL ROOFING,http://www.universalroofing.co.za/,011 708 7474
Tremco,https://tremco.co.za/,073 270 8270
Rebel Roofing,http://www.rebelroofing.net/?utm_source=google&utm_medium=wix_google_business_profile&utm_campaign=481879669535645235,082 354 1818
Roof Buddies,https://www.roofbuddies.co.za/,087 724 6119
Connoisseur Roofs - Roof Waterproofing & Roof Maintenance,http://www.connoisseurroofs.co.za/,083 666 1394
Ricoshay Roofing Solutions,http://www.ricoshaysolutions.co.za/,076 434 0288
JBC ROOF COVER (PTY) LTD,https://www.jbcroofcover.co.za/,011 760 6051
SS Roofer,https://ssroofer.co.za/,081 043 7088
SA WATERPROOFING (Pty) LTD,http://www.sawaterproofing.co.za/,011 786 8888
Roof Repairs Pretoria - Leaking roof repairs Pretoria,https://roofrepairpretoria.co.za/,073 270 8270
7:24 Roofing,https://www.724roofing.co.za/,060 210 5903
The Roofing Co,http://theroofco.co.za/,066 483 9123
RPRSA Waterproofing & Roof Repairs - Head Office,https://rprsa.co.za/,066 166 3749
Supreme Roof Waterproofing Company,https://roofwaterproofingcompany.co.za/,067 817 3343
Optimum Roofing Solutions (Pty) Ltd South Africa,http://www.optimumroofingsolutions.co.za/,082 827 9391
Roof Repairs Centurion,https://roofrepaircenturion.co.za/,073 270 8270
Prominent Roofing - Roofing Contractor and Waterproofing Service,http://www.prominentroofing.co.za/,010 786 0312
All Roofing,https://visroof.co.za/,011 887 8555
Titan Roofs,http://www.titanroofs.co.za/,076 100 6020
Sandown Roofing Cc,http://www.sandownroofing.co.za/,083 250 9766
Peche Roofing Specialists,https://peche.co.za/,011 708 7411
Millennium Roofing,http://www.mroofing.co.za/,012 377 3553
Top Hat Roofing,,082 331 7447
Roof Repairs Pretoria East,https://roofrepairs-pretoriaeast.co.za/,073 270 8270
Waterproofing And Roofing Masters Pty Ltd,http://www.wprm.co.za/,079 914 4336
RR Roof Waterproofing,https://www.rrwaterproofing.co.za/,081 732 3052
Global Roofing Solutions (Pty) Ltd,https://www.globalroofs.co.za/,011 898 2900
Ropace Roofing,https://www.ropace.co.za/,078 331 6556
Pretoria Leiklipbedakking,https://www.slateroof.co.za/,072 533 6762
Hashtag Roofing,http://www.hashtagroofing.co.za/,074 753 2022
EcoSeal Roof Waterproofing & Painting Contractors,http://ecoseal.co.za/,083 309 8164
ONYX ROOFERS PTY LTD,https://onyxroofers.joburg/,079 335 2769
ProCare (Pvt)Ltd .South Africa,,065 313 8150
FD Roofing (Pty) Ltd,http://www.fdroofing.co.za/,063 178 1159
SICON GROUP - Roof & Waterproofing Specialists,https://sicongroup.co.za/,011 397 6355
Radiant Roofing,http://www.radiantroofing.co.za/,064 215 2141
Top Roof Waterproofing,http://www.toproofwaterproofing.co.za/,067 247 6524
GRM Roofing and Renovations,http://www.grmroofing.com/,084 970 1544
Marley Roofing Olifantsfontein - Head Office,http://www.marleyroofing.co.za/,011 316 2121
Roof Surgeon,http://www.roofsurgeon.co.za/,011 868 3243
New Roofing Solutions,https://newroofingsolutions.co.za/,068 087 6623
Roof and All,https://www.roofandall.co.za/,084 304 3096
Roof Repairs Africa,,073 951 5484
The Roofing Guys Pty Ltd,http://www.theroofingguys.co.za/,011 900 2144
Fix A Roof (Pty) Roofing Service,https://www.fixaroof.co.za/,072 257 5482
Quality Fix Roofing (Pty) Ltd.,http://www.qfr.co.za/,011 608 0066
Visible Improvements C C,https://visroof.co.za/,011 887 8555
ROOF COATINGS,,065 936 4329
SK Roofing & Maintenance,http://www.skroofing.co.za/,076 889 8971
RubberRoofs Gauteng,https://rubberroofs.co.za/,087 094 8092
ATLAS Roofing,http://www.atlasroofing.co.za/,082 905 8815
Viking Roofs,https://www.vikingroofs.co.za/,079 762 4718
TD Roof Projects (PTY)LTD,http://www.tdroofprojects.com/,078 484 7628
Tony Emperical Roofs,,011 264 1269
Roof Solvaz (Pty)Ltd.,https://www.roofsolvaz.co.za/,065 892 1129
Spencer Roofing,http://www.spencerroofing.co.za/,064 090 8035
Prompt Roofing,https://www.promptroofing-jhb.co.za/,011 392 2809
The Roof Medics (PTY) Ltd,http://www.theroofmedics.co.za/,084 268 9161
